gid,section,key,value,links,element_id,element_class,element_tag,parent_id,parent_class,data_url,href,company_gid_from_link
5726,meta,url,https://mininghub.com/project-profile?gid=5726,,,,,,,,,
5726,right_sider_text,text,Company Info View on Map Company Profile Management Project News,,right-sider,,DIV,,,,,
5726,right_sider_link,company-profile-btn,Company Info,,company-profile-btn,btn-primary btn-primary-light btn-lg btn-full,A,right-sider,,,,
5726,right_sider_link,view-on-map-btn,View on Map,,view-on-map-btn,btn-primary btn-primary-light btn-lg btn-full,A,right-sider,,,,
5726,right_sider_link,company-news-btn,Company Profile,,company-news-btn,btn-primary btn-primary-light btn-lg btn-full,A,right-sider,,,,
5726,right_sider_link,management-btn,Management,,management-btn,btn-primary btn-primary-light btn-lg btn-full,A,right-sider,,,,
5726,right_sider_link,project-news-btn,Project News,,project-news-btn,btn-primary btn-primary-light btn-lg btn-full,A,right-sider,,,,
16571,meta,url,https://mininghub.com/project-profile?gid=16571,,,,,,,,,
16571,right_sider_text,text,Company Info View on Map Company Profile Management Project News,,right-sider,,DIV,,,,,
16571,right_sider_link,company-profile-btn,Company Info,,company-profile-btn,btn-primary btn-primary-light btn-lg btn-full,A,right-sider,,,,
16571,right_sider_link,view-on-map-btn,View on Map,,view-on-map-btn,btn-primary btn-primary-light btn-lg btn-full,A,right-sider,,,,
16571,right_sider_link,company-news-btn,Company Profile,,company-news-btn,btn-primary btn-primary-light btn-lg btn-full,A,right-sider,,,,
16571,right_sider_link,management-btn,Management,,management-btn,btn-primary btn-primary-light btn-lg btn-full,A,right-sider,,,,
16571,right_sider_link,project-news-btn,Project News,,project-news-btn,btn-primary btn-primary-light btn-lg btn-full,A,right-sider,,,,
1776,meta,url,https://mininghub.com/project-profile?gid=1776,,,,,,,,,
1776,right_sider_text,text,Company Info View on Map Company Profile Management Project News,,right-sider,,DIV,,,,,
1776,right_sider_link,company-profile-btn,Company Info,,company-profile-btn,btn-primary btn-primary-light btn-lg btn-full,A,right-sider,,,,
1776,right_sider_link,view-on-map-btn,View on Map,,view-on-map-btn,btn-primary btn-primary-light btn-lg btn-full,A,right-sider,,,,
1776,right_sider_link,company-news-btn,Company Profile,,company-news-btn,btn-primary btn-primary-light btn-lg btn-full,A,right-sider,,,,
1776,right_sider_link,management-btn,Management,,management-btn,btn-primary btn-primary-light btn-lg btn-full,A,right-sider,,,,
1776,right_sider_link,project-news-btn,Project News,,project-news-btn,btn-primary btn-primary-light btn-lg btn-full,A,right-sider,,,,
5791,meta,url,https://mininghub.com/project-profile?gid=5791,,,,,,,,,
5791,right_sider_text,text,Company Info View on Map Company Profile Management Project News,,right-sider,,DIV,,,,,
5791,right_sider_link,company-profile-btn,Company Info,,company-profile-btn,btn-primary btn-primary-light btn-lg btn-full,A,right-sider,,,,
5791,right_sider_link,view-on-map-btn,View on Map,,view-on-map-btn,btn-primary btn-primary-light btn-lg btn-full,A,right-sider,,,,
5791,right_sider_link,company-news-btn,Company Profile,,company-news-btn,btn-primary btn-primary-light btn-lg btn-full,A,right-sider,,,,
5791,right_sider_link,management-btn,Management,,management-btn,btn-primary btn-primary-light btn-lg btn-full,A,right-sider,,,,
5791,right_sider_link,project-news-btn,Project News,,project-news-btn,btn-primary btn-primary-light btn-lg btn-full,A,right-sider,,,,
10816,meta,url,https://mininghub.com/project-profile?gid=10816,,,,,,,,,
10816,right_sider_text,text,Company Info View on Map Company Profile Management Project News,,right-sider,,DIV,,,,,
10816,right_sider_link,company-profile-btn,Company Info,,company-profile-btn,btn-primary btn-primary-light btn-lg btn-full,A,right-sider,,,,
10816,right_sider_link,view-on-map-btn,View on Map,,view-on-map-btn,btn-primary btn-primary-light btn-lg btn-full,A,right-sider,,,,
10816,right_sider_link,company-news-btn,Company Profile,,company-news-btn,btn-primary btn-primary-light btn-lg btn-full,A,right-sider,,,,
10816,right_sider_link,management-btn,Management,,management-btn,btn-primary btn-primary-light btn-lg btn-full,A,right-sider,,,,
10816,right_sider_link,project-news-btn,Project News,,project-news-btn,btn-primary btn-primary-light btn-lg btn-full,A,right-sider,,,,
4187,meta,url,https://mininghub.com/project-profile?gid=4187,,,,,,,,,
4187,right_sider_text,text,Company Info View on Map Company Profile Management Project News,,right-sider,,DIV,,,,,
4187,right_sider_link,company-profile-btn,Company Info,,company-profile-btn,btn-primary btn-primary-light btn-lg btn-full,A,right-sider,,,,
4187,right_sider_link,view-on-map-btn,View on Map,,view-on-map-btn,btn-primary btn-primary-light btn-lg btn-full,A,right-sider,,,,
4187,right_sider_link,company-news-btn,Company Profile,,company-news-btn,btn-primary btn-primary-light btn-lg btn-full,A,right-sider,,,,
4187,right_sider_link,management-btn,Management,,management-btn,btn-primary btn-primary-light btn-lg btn-full,A,right-sider,,,,
4187,right_sider_link,project-news-btn,Project News,,project-news-btn,btn-primary btn-primary-light btn-lg btn-full,A,right-sider,,,,
4496,meta,url,https://mininghub.com/project-profile?gid=4496,,,,,,,,,
4496,right_sider_text,text,Company Info View on Map Company Profile Management Project News,,right-sider,,DIV,,,,,
4496,right_sider_link,company-profile-btn,Company Info,,company-profile-btn,btn-primary btn-primary-light btn-lg btn-full,A,right-sider,,,,
4496,right_sider_link,view-on-map-btn,View on Map,,view-on-map-btn,btn-primary btn-primary-light btn-lg btn-full,A,right-sider,,,,
4496,right_sider_link,company-news-btn,Company Profile,,company-news-btn,btn-primary btn-primary-light btn-lg btn-full,A,right-sider,,,,
4496,right_sider_link,management-btn,Management,,management-btn,btn-primary btn-primary-light btn-lg btn-full,A,right-sider,,,,
4496,right_sider_link,project-news-btn,Project News,,project-news-btn,btn-primary btn-primary-light btn-lg btn-full,A,right-sider,,,,
8050,meta,url,https://mininghub.com/project-profile?gid=8050,,,,,,,,,
8050,right_sider_text,text,Company Info View on Map Company Profile Management Project News,,right-sider,,DIV,,,,,
8050,right_sider_link,company-profile-btn,Company Info,,company-profile-btn,btn-primary btn-primary-light btn-lg btn-full,A,right-sider,,,,
8050,right_sider_link,view-on-map-btn,View on Map,,view-on-map-btn,btn-primary btn-primary-light btn-lg btn-full,A,right-sider,,,,
8050,right_sider_link,company-news-btn,Company Profile,,company-news-btn,btn-primary btn-primary-light btn-lg btn-full,A,right-sider,,,,
8050,right_sider_link,management-btn,Management,,management-btn,btn-primary btn-primary-light btn-lg btn-full,A,right-sider,,,,
8050,right_sider_link,project-news-btn,Project News,,project-news-btn,btn-primary btn-primary-light btn-lg btn-full,A,right-sider,,,,
7517,meta,url,https://mininghub.com/project-profile?gid=7517,,,,,,,,,
7517,right_sider_text,text,Company Info View on Map Company Profile Management Project News,,right-sider,,DIV,,,,,
7517,right_sider_link,company-profile-btn,Company Info,,company-profile-btn,btn-primary btn-primary-light btn-lg btn-full,A,right-sider,,,,
7517,right_sider_link,view-on-map-btn,View on Map,,view-on-map-btn,btn-primary btn-primary-light btn-lg btn-full,A,right-sider,,,,
7517,right_sider_link,company-news-btn,Company Profile,,company-news-btn,btn-primary btn-primary-light btn-lg btn-full,A,right-sider,,,,
7517,right_sider_link,management-btn,Management,,management-btn,btn-primary btn-primary-light btn-lg btn-full,A,right-sider,,,,
7517,right_sider_link,project-news-btn,Project News,,project-news-btn,btn-primary btn-primary-light btn-lg btn-full,A,right-sider,,,,
10082,meta,url,https://mininghub.com/project-profile?gid=10082,,,,,,,,,
10082,right_sider_text,text,Company Info View on Map Company Profile Management Project News,,right-sider,,DIV,,,,,
10082,right_sider_link,company-profile-btn,Company Info,,company-profile-btn,btn-primary btn-primary-light btn-lg btn-full,A,right-sider,,,,
10082,right_sider_link,view-on-map-btn,View on Map,,view-on-map-btn,btn-primary btn-primary-light btn-lg btn-full,A,right-sider,,,,
10082,right_sider_link,company-news-btn,Company Profile,,company-news-btn,btn-primary btn-primary-light btn-lg btn-full,A,right-sider,,,,
10082,right_sider_link,management-btn,Management,,management-btn,btn-primary btn-primary-light btn-lg btn-full,A,right-sider,,,,
10082,right_sider_link,project-news-btn,Project News,,project-news-btn,btn-primary btn-primary-light btn-lg btn-full,A,right-sider,,,,
3800,meta,url,https://mininghub.com/project-profile?gid=3800,,,,,,,,,
3800,right_sider_text,text,Company Info View on Map Company Profile Management Project News,,right-sider,,DIV,,,,,
3800,right_sider_link,company-profile-btn,Company Info,,company-profile-btn,btn-primary btn-primary-light btn-lg btn-full,A,right-sider,,,,
3800,right_sider_link,view-on-map-btn,View on Map,,view-on-map-btn,btn-primary btn-primary-light btn-lg btn-full,A,right-sider,,,,
3800,right_sider_link,company-news-btn,Company Profile,,company-news-btn,btn-primary btn-primary-light btn-lg btn-full,A,right-sider,,,,
3800,right_sider_link,management-btn,Management,,management-btn,btn-primary btn-primary-light btn-lg btn-full,A,right-sider,,,,
3800,right_sider_link,project-news-btn,Project News,,project-news-btn,btn-primary btn-primary-light btn-lg btn-full,A,right-sider,,,,
3824,meta,url,https://mininghub.com/project-profile?gid=3824,,,,,,,,,
3824,right_sider_text,text,Company Info View on Map Company Profile Management Project News,,right-sider,,DIV,,,,,
3824,right_sider_link,company-profile-btn,Company Info,,company-profile-btn,btn-primary btn-primary-light btn-lg btn-full,A,right-sider,,,,
3824,right_sider_link,view-on-map-btn,View on Map,,view-on-map-btn,btn-primary btn-primary-light btn-lg btn-full,A,right-sider,,,,
3824,right_sider_link,company-news-btn,Company Profile,,company-news-btn,btn-primary btn-primary-light btn-lg btn-full,A,right-sider,,,,
3824,right_sider_link,management-btn,Management,,management-btn,btn-primary btn-primary-light btn-lg btn-full,A,right-sider,,,,
3824,right_sider_link,project-news-btn,Project News,,project-news-btn,btn-primary btn-primary-light btn-lg btn-full,A,right-sider,,,,
1565,meta,url,https://mininghub.com/project-profile?gid=1565,,,,,,,,,
1565,right_sider_text,text,Company Info View on Map Company Profile Management Project News,,right-sider,,DIV,,,,,
1565,right_sider_link,company-profile-btn,Company Info,,company-profile-btn,btn-primary btn-primary-light btn-lg btn-full,A,right-sider,,,,
1565,right_sider_link,view-on-map-btn,View on Map,,view-on-map-btn,btn-primary btn-primary-light btn-lg btn-full,A,right-sider,,,,
1565,right_sider_link,company-news-btn,Company Profile,,company-news-btn,btn-primary btn-primary-light btn-lg btn-full,A,right-sider,,,,
1565,right_sider_link,management-btn,Management,,management-btn,btn-primary btn-primary-light btn-lg btn-full,A,right-sider,,,,
1565,right_sider_link,project-news-btn,Project News,,project-news-btn,btn-primary btn-primary-light btn-lg btn-full,A,right-sider,,,,
7171,meta,url,https://mininghub.com/project-profile?gid=7171,,,,,,,,,
7171,right_sider_text,text,Company Info View on Map Company Profile Management Project News,,right-sider,,DIV,,,,,
7171,right_sider_link,company-profile-btn,Company Info,,company-profile-btn,btn-primary btn-primary-light btn-lg btn-full,A,right-sider,,,,
7171,right_sider_link,view-on-map-btn,View on Map,,view-on-map-btn,btn-primary btn-primary-light btn-lg btn-full,A,right-sider,,,,
7171,right_sider_link,company-news-btn,Company Profile,,company-news-btn,btn-primary btn-primary-light btn-lg btn-full,A,right-sider,,,,
7171,right_sider_link,management-btn,Management,,management-btn,btn-primary btn-primary-light btn-lg btn-full,A,right-sider,,,,
7171,right_sider_link,project-news-btn,Project News,,project-news-btn,btn-primary btn-primary-light btn-lg btn-full,A,right-sider,,,,
3760,meta,url,https://mininghub.com/project-profile?gid=3760,,,,,,,,,
3760,right_sider_text,text,Company Info View on Map Company Profile Management Project News,,right-sider,,DIV,,,,,
3760,right_sider_link,company-profile-btn,Company Info,,company-profile-btn,btn-primary btn-primary-light btn-lg btn-full,A,right-sider,,,,
3760,right_sider_link,view-on-map-btn,View on Map,,view-on-map-btn,btn-primary btn-primary-light btn-lg btn-full,A,right-sider,,,,
3760,right_sider_link,company-news-btn,Company Profile,,company-news-btn,btn-primary btn-primary-light btn-lg btn-full,A,right-sider,,,,
3760,right_sider_link,management-btn,Management,,management-btn,btn-primary btn-primary-light btn-lg btn-full,A,right-sider,,,,
3760,right_sider_link,project-news-btn,Project News,,project-news-btn,btn-primary btn-primary-light btn-lg btn-full,A,right-sider,,,,
9034,meta,url,https://mininghub.com/project-profile?gid=9034,,,,,,,,,
9034,right_sider_text,text,Company Info View on Map Company Profile Management Project News,,right-sider,,DIV,,,,,
9034,right_sider_link,company-profile-btn,Company Info,,company-profile-btn,btn-primary btn-primary-light btn-lg btn-full,A,right-sider,,,,
9034,right_sider_link,view-on-map-btn,View on Map,,view-on-map-btn,btn-primary btn-primary-light btn-lg btn-full,A,right-sider,,,,
9034,right_sider_link,company-news-btn,Company Profile,,company-news-btn,btn-primary btn-primary-light btn-lg btn-full,A,right-sider,,,,
9034,right_sider_link,management-btn,Management,,management-btn,btn-primary btn-primary-light btn-lg btn-full,A,right-sider,,,,
9034,right_sider_link,project-news-btn,Project News,,project-news-btn,btn-primary btn-primary-light btn-lg btn-full,A,right-sider,,,,
15602,meta,url,https://mininghub.com/project-profile?gid=15602,,,,,,,,,
15602,right_sider_text,text,Company Info View on Map Company Profile Management Project News,,right-sider,,DIV,,,,,
15602,right_sider_link,company-profile-btn,Company Info,,company-profile-btn,btn-primary btn-primary-light btn-lg btn-full,A,right-sider,,,,
15602,right_sider_link,view-on-map-btn,View on Map,,view-on-map-btn,btn-primary btn-primary-light btn-lg btn-full,A,right-sider,,,,
15602,right_sider_link,company-news-btn,Company Profile,,company-news-btn,btn-primary btn-primary-light btn-lg btn-full,A,right-sider,,,,
15602,right_sider_link,management-btn,Management,,management-btn,btn-primary btn-primary-light btn-lg btn-full,A,right-sider,,,,
15602,right_sider_link,project-news-btn,Project News,,project-news-btn,btn-primary btn-primary-light btn-lg btn-full,A,right-sider,,,,
941,meta,url,https://mininghub.com/project-profile?gid=941,,,,,,,,,
941,right_sider_text,text,Company Info View on Map Company Profile Management Project News,,right-sider,,DIV,,,,,
941,right_sider_link,company-profile-btn,Company Info,,company-profile-btn,btn-primary btn-primary-light btn-lg btn-full,A,right-sider,,,,
941,right_sider_link,view-on-map-btn,View on Map,,view-on-map-btn,btn-primary btn-primary-light btn-lg btn-full,A,right-sider,,,,
941,right_sider_link,company-news-btn,Company Profile,,company-news-btn,btn-primary btn-primary-light btn-lg btn-full,A,right-sider,,,,
941,right_sider_link,management-btn,Management,,management-btn,btn-primary btn-primary-light btn-lg btn-full,A,right-sider,,,,
941,right_sider_link,project-news-btn,Project News,,project-news-btn,btn-primary btn-primary-light btn-lg btn-full,A,right-sider,,,,
16134,meta,url,https://mininghub.com/project-profile?gid=16134,,,,,,,,,
16134,right_sider_text,text,Company Info View on Map Company Profile Management Project News,,right-sider,,DIV,,,,,
16134,right_sider_link,company-profile-btn,Company Info,,company-profile-btn,btn-primary btn-primary-light btn-lg btn-full,A,right-sider,,,,
16134,right_sider_link,view-on-map-btn,View on Map,,view-on-map-btn,btn-primary btn-primary-light btn-lg btn-full,A,right-sider,,,,
16134,right_sider_link,company-news-btn,Company Profile,,company-news-btn,btn-primary btn-primary-light btn-lg btn-full,A,right-sider,,,,
16134,right_sider_link,management-btn,Management,,management-btn,btn-primary btn-primary-light btn-lg btn-full,A,right-sider,,,,
16134,right_sider_link,project-news-btn,Project News,,project-news-btn,btn-primary btn-primary-light btn-lg btn-full,A,right-sider,,,,
13064,meta,url,https://mininghub.com/project-profile?gid=13064,,,,,,,,,
13064,right_sider_text,text,Company Info View on Map Company Profile Management Project News,,right-sider,,DIV,,,,,
13064,right_sider_link,company-profile-btn,Company Info,,company-profile-btn,btn-primary btn-primary-light btn-lg btn-full,A,right-sider,,,,
13064,right_sider_link,view-on-map-btn,View on Map,,view-on-map-btn,btn-primary btn-primary-light btn-lg btn-full,A,right-sider,,,,
13064,right_sider_link,company-news-btn,Company Profile,,company-news-btn,btn-primary btn-primary-light btn-lg btn-full,A,right-sider,,,,
13064,right_sider_link,management-btn,Management,,management-btn,btn-primary btn-primary-light btn-lg btn-full,A,right-sider,,,,
13064,right_sider_link,project-news-btn,Project News,,project-news-btn,btn-primary btn-primary-light btn-lg btn-full,A,right-sider,,,,
3641,meta,url,https://mininghub.com/project-profile?gid=3641,,,,,,,,,
3641,right_sider_text,text,Company Info View on Map Company Profile Management Project News,,right-sider,,DIV,,,,,
3641,right_sider_link,company-profile-btn,Company Info,,company-profile-btn,btn-primary btn-primary-light btn-lg btn-full,A,right-sider,,,,
3641,right_sider_link,view-on-map-btn,View on Map,,view-on-map-btn,btn-primary btn-primary-light btn-lg btn-full,A,right-sider,,,,
3641,right_sider_link,company-news-btn,Company Profile,,company-news-btn,btn-primary btn-primary-light btn-lg btn-full,A,right-sider,,,,
3641,right_sider_link,management-btn,Management,,management-btn,btn-primary btn-primary-light btn-lg btn-full,A,right-sider,,,,
3641,right_sider_link,project-news-btn,Project News,,project-news-btn,btn-primary btn-primary-light btn-lg btn-full,A,right-sider,,,,
15575,meta,url,https://mininghub.com/project-profile?gid=15575,,,,,,,,,
15575,right_sider_text,text,Company Info View on Map Company Profile Management Project News,,right-sider,,DIV,,,,,
15575,right_sider_link,company-profile-btn,Company Info,,company-profile-btn,btn-primary btn-primary-light btn-lg btn-full,A,right-sider,,,,
15575,right_sider_link,view-on-map-btn,View on Map,,view-on-map-btn,btn-primary btn-primary-light btn-lg btn-full,A,right-sider,,,,
15575,right_sider_link,company-news-btn,Company Profile,,company-news-btn,btn-primary btn-primary-light btn-lg btn-full,A,right-sider,,,,
15575,right_sider_link,management-btn,Management,,management-btn,btn-primary btn-primary-light btn-lg btn-full,A,right-sider,,,,
15575,right_sider_link,project-news-btn,Project News,,project-news-btn,btn-primary btn-primary-light btn-lg btn-full,A,right-sider,,,,
12944,meta,url,https://mininghub.com/project-profile?gid=12944,,,,,,,,,
12944,right_sider_text,text,Company Info View on Map Company Profile Management Project News,,right-sider,,DIV,,,,,
12944,right_sider_link,company-profile-btn,Company Info,,company-profile-btn,btn-primary btn-primary-light btn-lg btn-full,A,right-sider,,,,
12944,right_sider_link,view-on-map-btn,View on Map,,view-on-map-btn,btn-primary btn-primary-light btn-lg btn-full,A,right-sider,,,,
12944,right_sider_link,company-news-btn,Company Profile,,company-news-btn,btn-primary btn-primary-light btn-lg btn-full,A,right-sider,,,,
12944,right_sider_link,management-btn,Management,,management-btn,btn-primary btn-primary-light btn-lg btn-full,A,right-sider,,,,
12944,right_sider_link,project-news-btn,Project News,,project-news-btn,btn-primary btn-primary-light btn-lg btn-full,A,right-sider,,,,
4197,meta,url,https://mininghub.com/project-profile?gid=4197,,,,,,,,,
4197,right_sider_text,text,Company Info View on Map Company Profile Management Project News,,right-sider,,DIV,,,,,
4197,right_sider_link,company-profile-btn,Company Info,,company-profile-btn,btn-primary btn-primary-light btn-lg btn-full,A,right-sider,,,,
4197,right_sider_link,view-on-map-btn,View on Map,,view-on-map-btn,btn-primary btn-primary-light btn-lg btn-full,A,right-sider,,,,
4197,right_sider_link,company-news-btn,Company Profile,,company-news-btn,btn-primary btn-primary-light btn-lg btn-full,A,right-sider,,,,
4197,right_sider_link,management-btn,Management,,management-btn,btn-primary btn-primary-light btn-lg btn-full,A,right-sider,,,,
4197,right_sider_link,project-news-btn,Project News,,project-news-btn,btn-primary btn-primary-light btn-lg btn-full,A,right-sider,,,,
10151,meta,url,https://mininghub.com/project-profile?gid=10151,,,,,,,,,
10151,right_sider_text,text,Company Info View on Map Company Profile Management Project News,,right-sider,,DIV,,,,,
10151,right_sider_link,company-profile-btn,Company Info,,company-profile-btn,btn-primary btn-primary-light btn-lg btn-full,A,right-sider,,,,
10151,right_sider_link,view-on-map-btn,View on Map,,view-on-map-btn,btn-primary btn-primary-light btn-lg btn-full,A,right-sider,,,,
10151,right_sider_link,company-news-btn,Company Profile,,company-news-btn,btn-primary btn-primary-light btn-lg btn-full,A,right-sider,,,,
10151,right_sider_link,management-btn,Management,,management-btn,btn-primary btn-primary-light btn-lg btn-full,A,right-sider,,,,
10151,right_sider_link,project-news-btn,Project News,,project-news-btn,btn-primary btn-primary-light btn-lg btn-full,A,right-sider,,,,
9119,meta,url,https://mininghub.com/project-profile?gid=9119,,,,,,,,,
9119,right_sider_text,text,Company Info View on Map Company Profile Management Project News,,right-sider,,DIV,,,,,
9119,right_sider_link,company-profile-btn,Company Info,,company-profile-btn,btn-primary btn-primary-light btn-lg btn-full,A,right-sider,,,,
9119,right_sider_link,view-on-map-btn,View on Map,,view-on-map-btn,btn-primary btn-primary-light btn-lg btn-full,A,right-sider,,,,
9119,right_sider_link,company-news-btn,Company Profile,,company-news-btn,btn-primary btn-primary-light btn-lg btn-full,A,right-sider,,,,
9119,right_sider_link,management-btn,Management,,management-btn,btn-primary btn-primary-light btn-lg btn-full,A,right-sider,,,,
9119,right_sider_link,project-news-btn,Project News,,project-news-btn,btn-primary btn-primary-light btn-lg btn-full,A,right-sider,,,,
10337,meta,url,https://mininghub.com/project-profile?gid=10337,,,,,,,,,
10337,right_sider_text,text,Company Info View on Map Company Profile Management Project News,,right-sider,,DIV,,,,,
10337,right_sider_link,company-profile-btn,Company Info,,company-profile-btn,btn-primary btn-primary-light btn-lg btn-full,A,right-sider,,,,
10337,right_sider_link,view-on-map-btn,View on Map,,view-on-map-btn,btn-primary btn-primary-light btn-lg btn-full,A,right-sider,,,,
10337,right_sider_link,company-news-btn,Company Profile,,company-news-btn,btn-primary btn-primary-light btn-lg btn-full,A,right-sider,,,,
10337,right_sider_link,management-btn,Management,,management-btn,btn-primary btn-primary-light btn-lg btn-full,A,right-sider,,,,
10337,right_sider_link,project-news-btn,Project News,,project-news-btn,btn-primary btn-primary-light btn-lg btn-full,A,right-sider,,,,
10546,meta,url,https://mininghub.com/project-profile?gid=10546,,,,,,,,,
10546,right_sider_text,text,Company Info View on Map Company Profile Management Project News,,right-sider,,DIV,,,,,
10546,right_sider_link,company-profile-btn,Company Info,,company-profile-btn,btn-primary btn-primary-light btn-lg btn-full,A,right-sider,,,,
10546,right_sider_link,view-on-map-btn,View on Map,,view-on-map-btn,btn-primary btn-primary-light btn-lg btn-full,A,right-sider,,,,
10546,right_sider_link,company-news-btn,Company Profile,,company-news-btn,btn-primary btn-primary-light btn-lg btn-full,A,right-sider,,,,
10546,right_sider_link,management-btn,Management,,management-btn,btn-primary btn-primary-light btn-lg btn-full,A,right-sider,,,,
10546,right_sider_link,project-news-btn,Project News,,project-news-btn,btn-primary btn-primary-light btn-lg btn-full,A,right-sider,,,,
10076,meta,url,https://mininghub.com/project-profile?gid=10076,,,,,,,,,
10076,right_sider_text,text,Company Info View on Map Company Profile Management Project News,,right-sider,,DIV,,,,,
10076,right_sider_link,company-profile-btn,Company Info,,company-profile-btn,btn-primary btn-primary-light btn-lg btn-full,A,right-sider,,,,
10076,right_sider_link,view-on-map-btn,View on Map,,view-on-map-btn,btn-primary btn-primary-light btn-lg btn-full,A,right-sider,,,,
10076,right_sider_link,company-news-btn,Company Profile,,company-news-btn,btn-primary btn-primary-light btn-lg btn-full,A,right-sider,,,,
10076,right_sider_link,management-btn,Management,,management-btn,btn-primary btn-primary-light btn-lg btn-full,A,right-sider,,,,
10076,right_sider_link,project-news-btn,Project News,,project-news-btn,btn-primary btn-primary-light btn-lg btn-full,A,right-sider,,,,
7245,meta,url,https://mininghub.com/project-profile?gid=7245,,,,,,,,,
7245,right_sider_text,text,Company Info View on Map Company Profile Management Project News,,right-sider,,DIV,,,,,
7245,right_sider_link,company-profile-btn,Company Info,,company-profile-btn,btn-primary btn-primary-light btn-lg btn-full,A,right-sider,,,,
7245,right_sider_link,view-on-map-btn,View on Map,,view-on-map-btn,btn-primary btn-primary-light btn-lg btn-full,A,right-sider,,,,
7245,right_sider_link,company-news-btn,Company Profile,,company-news-btn,btn-primary btn-primary-light btn-lg btn-full,A,right-sider,,,,
7245,right_sider_link,management-btn,Management,,management-btn,btn-primary btn-primary-light btn-lg btn-full,A,right-sider,,,,
7245,right_sider_link,project-news-btn,Project News,,project-news-btn,btn-primary btn-primary-light btn-lg btn-full,A,right-sider,,,,
2586,meta,url,https://mininghub.com/project-profile?gid=2586,,,,,,,,,
2586,right_sider_text,text,Company Info View on Map Company Profile Management Project News,,right-sider,,DIV,,,,,
2586,right_sider_link,company-profile-btn,Company Info,,company-profile-btn,btn-primary btn-primary-light btn-lg btn-full,A,right-sider,,,,
2586,right_sider_link,view-on-map-btn,View on Map,,view-on-map-btn,btn-primary btn-primary-light btn-lg btn-full,A,right-sider,,,,
2586,right_sider_link,company-news-btn,Company Profile,,company-news-btn,btn-primary btn-primary-light btn-lg btn-full,A,right-sider,,,,
2586,right_sider_link,management-btn,Management,,management-btn,btn-primary btn-primary-light btn-lg btn-full,A,right-sider,,,,
2586,right_sider_link,project-news-btn,Project News,,project-news-btn,btn-primary btn-primary-light btn-lg btn-full,A,right-sider,,,,
10071,meta,url,https://mininghub.com/project-profile?gid=10071,,,,,,,,,
10071,right_sider_text,text,Company Info View on Map Company Profile Management Project News,,right-sider,,DIV,,,,,
10071,right_sider_link,company-profile-btn,Company Info,,company-profile-btn,btn-primary btn-primary-light btn-lg btn-full,A,right-sider,,,,
10071,right_sider_link,view-on-map-btn,View on Map,,view-on-map-btn,btn-primary btn-primary-light btn-lg btn-full,A,right-sider,,,,
10071,right_sider_link,company-news-btn,Company Profile,,company-news-btn,btn-primary btn-primary-light btn-lg btn-full,A,right-sider,,,,
10071,right_sider_link,management-btn,Management,,management-btn,btn-primary btn-primary-light btn-lg btn-full,A,right-sider,,,,
10071,right_sider_link,project-news-btn,Project News,,project-news-btn,btn-primary btn-primary-light btn-lg btn-full,A,right-sider,,,,
5857,meta,url,https://mininghub.com/project-profile?gid=5857,,,,,,,,,
5857,right_sider_text,text,Company Info View on Map Company Profile Management Project News,,right-sider,,DIV,,,,,
5857,right_sider_link,company-profile-btn,Company Info,,company-profile-btn,btn-primary btn-primary-light btn-lg btn-full,A,right-sider,,,,
5857,right_sider_link,view-on-map-btn,View on Map,,view-on-map-btn,btn-primary btn-primary-light btn-lg btn-full,A,right-sider,,,,
5857,right_sider_link,company-news-btn,Company Profile,,company-news-btn,btn-primary btn-primary-light btn-lg btn-full,A,right-sider,,,,
5857,right_sider_link,management-btn,Management,,management-btn,btn-primary btn-primary-light btn-lg btn-full,A,right-sider,,,,
5857,right_sider_link,project-news-btn,Project News,,project-news-btn,btn-primary btn-primary-light btn-lg btn-full,A,right-sider,,,,
3193,meta,url,https://mininghub.com/project-profile?gid=3193,,,,,,,,,
3193,right_sider_text,text,Company Info View on Map Company Profile Management Project News,,right-sider,,DIV,,,,,
3193,right_sider_link,company-profile-btn,Company Info,,company-profile-btn,btn-primary btn-primary-light btn-lg btn-full,A,right-sider,,,,
3193,right_sider_link,view-on-map-btn,View on Map,,view-on-map-btn,btn-primary btn-primary-light btn-lg btn-full,A,right-sider,,,,
3193,right_sider_link,company-news-btn,Company Profile,,company-news-btn,btn-primary btn-primary-light btn-lg btn-full,A,right-sider,,,,
3193,right_sider_link,management-btn,Management,,management-btn,btn-primary btn-primary-light btn-lg btn-full,A,right-sider,,,,
3193,right_sider_link,project-news-btn,Project News,,project-news-btn,btn-primary btn-primary-light btn-lg btn-full,A,right-sider,,,,
17765,meta,url,https://mininghub.com/project-profile?gid=17765,,,,,,,,,
17765,right_sider_text,text,Company Info View on Map Company Profile Management Project News,,right-sider,,DIV,,,,,
17765,right_sider_link,company-profile-btn,Company Info,,company-profile-btn,btn-primary btn-primary-light btn-lg btn-full,A,right-sider,,,,
17765,right_sider_link,view-on-map-btn,View on Map,,view-on-map-btn,btn-primary btn-primary-light btn-lg btn-full,A,right-sider,,,,
17765,right_sider_link,company-news-btn,Company Profile,,company-news-btn,btn-primary btn-primary-light btn-lg btn-full,A,right-sider,,,,
17765,right_sider_link,management-btn,Management,,management-btn,btn-primary btn-primary-light btn-lg btn-full,A,right-sider,,,,
17765,right_sider_link,project-news-btn,Project News,,project-news-btn,btn-primary btn-primary-light btn-lg btn-full,A,right-sider,,,,
5924,meta,url,https://mininghub.com/project-profile?gid=5924,,,,,,,,,
5924,right_sider_text,text,Company Info View on Map Company Profile Management Project News,,right-sider,,DIV,,,,,
5924,right_sider_link,company-profile-btn,Company Info,,company-profile-btn,btn-primary btn-primary-light btn-lg btn-full,A,right-sider,,,,
5924,right_sider_link,view-on-map-btn,View on Map,,view-on-map-btn,btn-primary btn-primary-light btn-lg btn-full,A,right-sider,,,,
5924,right_sider_link,company-news-btn,Company Profile,,company-news-btn,btn-primary btn-primary-light btn-lg btn-full,A,right-sider,,,,
5924,right_sider_link,management-btn,Management,,management-btn,btn-primary btn-primary-light btn-lg btn-full,A,right-sider,,,,
5924,right_sider_link,project-news-btn,Project News,,project-news-btn,btn-primary btn-primary-light btn-lg btn-full,A,right-sider,,,,
7941,meta,url,https://mininghub.com/project-profile?gid=7941,,,,,,,,,
7941,right_sider_text,text,Company Info View on Map Company Profile Management Project News,,right-sider,,DIV,,,,,
7941,right_sider_link,company-profile-btn,Company Info,,company-profile-btn,btn-primary btn-primary-light btn-lg btn-full,A,right-sider,,,,
7941,right_sider_link,view-on-map-btn,View on Map,,view-on-map-btn,btn-primary btn-primary-light btn-lg btn-full,A,right-sider,,,,
7941,right_sider_link,company-news-btn,Company Profile,,company-news-btn,btn-primary btn-primary-light btn-lg btn-full,A,right-sider,,,,
7941,right_sider_link,management-btn,Management,,management-btn,btn-primary btn-primary-light btn-lg btn-full,A,right-sider,,,,
7941,right_sider_link,project-news-btn,Project News,,project-news-btn,btn-primary btn-primary-light btn-lg btn-full,A,right-sider,,,,
4127,meta,url,https://mininghub.com/project-profile?gid=4127,,,,,,,,,
4127,right_sider_text,text,Company Info View on Map Company Profile Management Project News,,right-sider,,DIV,,,,,
4127,right_sider_link,company-profile-btn,Company Info,,company-profile-btn,btn-primary btn-primary-light btn-lg btn-full,A,right-sider,,,,
4127,right_sider_link,view-on-map-btn,View on Map,,view-on-map-btn,btn-primary btn-primary-light btn-lg btn-full,A,right-sider,,,,
4127,right_sider_link,company-news-btn,Company Profile,,company-news-btn,btn-primary btn-primary-light btn-lg btn-full,A,right-sider,,,,
4127,right_sider_link,management-btn,Management,,management-btn,btn-primary btn-primary-light btn-lg btn-full,A,right-sider,,,,
4127,right_sider_link,project-news-btn,Project News,,project-news-btn,btn-primary btn-primary-light btn-lg btn-full,A,right-sider,,,,
16822,meta,url,https://mininghub.com/project-profile?gid=16822,,,,,,,,,
16822,right_sider_text,text,Company Info View on Map Company Profile Management Project News,,right-sider,,DIV,,,,,
16822,right_sider_link,company-profile-btn,Company Info,,company-profile-btn,btn-primary btn-primary-light btn-lg btn-full,A,right-sider,,,,
16822,right_sider_link,view-on-map-btn,View on Map,,view-on-map-btn,btn-primary btn-primary-light btn-lg btn-full,A,right-sider,,,,
16822,right_sider_link,company-news-btn,Company Profile,,company-news-btn,btn-primary btn-primary-light btn-lg btn-full,A,right-sider,,,,
16822,right_sider_link,management-btn,Management,,management-btn,btn-primary btn-primary-light btn-lg btn-full,A,right-sider,,,,
16822,right_sider_link,project-news-btn,Project News,,project-news-btn,btn-primary btn-primary-light btn-lg btn-full,A,right-sider,,,,
5205,meta,url,https://mininghub.com/project-profile?gid=5205,,,,,,,,,
5205,right_sider_text,text,Company Info View on Map Company Profile Management Project News,,right-sider,,DIV,,,,,
5205,right_sider_link,company-profile-btn,Company Info,,company-profile-btn,btn-primary btn-primary-light btn-lg btn-full,A,right-sider,,,,
5205,right_sider_link,view-on-map-btn,View on Map,,view-on-map-btn,btn-primary btn-primary-light btn-lg btn-full,A,right-sider,,,,
5205,right_sider_link,company-news-btn,Company Profile,,company-news-btn,btn-primary btn-primary-light btn-lg btn-full,A,right-sider,,,,
5205,right_sider_link,management-btn,Management,,management-btn,btn-primary btn-primary-light btn-lg btn-full,A,right-sider,,,,
5205,right_sider_link,project-news-btn,Project News,,project-news-btn,btn-primary btn-primary-light btn-lg btn-full,A,right-sider,,,,
1907,meta,url,https://mininghub.com/project-profile?gid=1907,,,,,,,,,
1907,right_sider_text,text,Company Info View on Map Company Profile Management Project News,,right-sider,,DIV,,,,,
1907,right_sider_link,company-profile-btn,Company Info,,company-profile-btn,btn-primary btn-primary-light btn-lg btn-full,A,right-sider,,,,
1907,right_sider_link,view-on-map-btn,View on Map,,view-on-map-btn,btn-primary btn-primary-light btn-lg btn-full,A,right-sider,,,,
1907,right_sider_link,company-news-btn,Company Profile,,company-news-btn,btn-primary btn-primary-light btn-lg btn-full,A,right-sider,,,,
1907,right_sider_link,management-btn,Management,,management-btn,btn-primary btn-primary-light btn-lg btn-full,A,right-sider,,,,
1907,right_sider_link,project-news-btn,Project News,,project-news-btn,btn-primary btn-primary-light btn-lg btn-full,A,right-sider,,,,
9731,meta,url,https://mininghub.com/project-profile?gid=9731,,,,,,,,,
9731,right_sider_text,text,Company Info View on Map Company Profile Management Project News,,right-sider,,DIV,,,,,
9731,right_sider_link,company-profile-btn,Company Info,,company-profile-btn,btn-primary btn-primary-light btn-lg btn-full,A,right-sider,,,,
9731,right_sider_link,view-on-map-btn,View on Map,,view-on-map-btn,btn-primary btn-primary-light btn-lg btn-full,A,right-sider,,,,
9731,right_sider_link,company-news-btn,Company Profile,,company-news-btn,btn-primary btn-primary-light btn-lg btn-full,A,right-sider,,,,
9731,right_sider_link,management-btn,Management,,management-btn,btn-primary btn-primary-light btn-lg btn-full,A,right-sider,,,,
9731,right_sider_link,project-news-btn,Project News,,project-news-btn,btn-primary btn-primary-light btn-lg btn-full,A,right-sider,,,,
5566,meta,url,https://mininghub.com/project-profile?gid=5566,,,,,,,,,
5566,right_sider_text,text,Company Info View on Map Company Profile Management Project News,,right-sider,,DIV,,,,,
5566,right_sider_link,company-profile-btn,Company Info,,company-profile-btn,btn-primary btn-primary-light btn-lg btn-full,A,right-sider,,,,
5566,right_sider_link,view-on-map-btn,View on Map,,view-on-map-btn,btn-primary btn-primary-light btn-lg btn-full,A,right-sider,,,,
5566,right_sider_link,company-news-btn,Company Profile,,company-news-btn,btn-primary btn-primary-light btn-lg btn-full,A,right-sider,,,,
5566,right_sider_link,management-btn,Management,,management-btn,btn-primary btn-primary-light btn-lg btn-full,A,right-sider,,,,
5566,right_sider_link,project-news-btn,Project News,,project-news-btn,btn-primary btn-primary-light btn-lg btn-full,A,right-sider,,,,
546,meta,url,https://mininghub.com/project-profile?gid=546,,,,,,,,,
546,right_sider_text,text,Company Info View on Map Company Profile Management Project News,,right-sider,,DIV,,,,,
546,right_sider_link,company-profile-btn,Company Info,,company-profile-btn,btn-primary btn-primary-light btn-lg btn-full,A,right-sider,,,,
546,right_sider_link,view-on-map-btn,View on Map,,view-on-map-btn,btn-primary btn-primary-light btn-lg btn-full,A,right-sider,,,,
546,right_sider_link,company-news-btn,Company Profile,,company-news-btn,btn-primary btn-primary-light btn-lg btn-full,A,right-sider,,,,
546,right_sider_link,management-btn,Management,,management-btn,btn-primary btn-primary-light btn-lg btn-full,A,right-sider,,,,
546,right_sider_link,project-news-btn,Project News,,project-news-btn,btn-primary btn-primary-light btn-lg btn-full,A,right-sider,,,,
10955,meta,url,https://mininghub.com/project-profile?gid=10955,,,,,,,,,
10955,right_sider_text,text,Company Info View on Map Company Profile Management Project News,,right-sider,,DIV,,,,,
10955,right_sider_link,company-profile-btn,Company Info,,company-profile-btn,btn-primary btn-primary-light btn-lg btn-full,A,right-sider,,,,
10955,right_sider_link,view-on-map-btn,View on Map,,view-on-map-btn,btn-primary btn-primary-light btn-lg btn-full,A,right-sider,,,,
10955,right_sider_link,company-news-btn,Company Profile,,company-news-btn,btn-primary btn-primary-light btn-lg btn-full,A,right-sider,,,,
10955,right_sider_link,management-btn,Management,,management-btn,btn-primary btn-primary-light btn-lg btn-full,A,right-sider,,,,
10955,right_sider_link,project-news-btn,Project News,,project-news-btn,btn-primary btn-primary-light btn-lg btn-full,A,right-sider,,,,
548,meta,url,https://mininghub.com/project-profile?gid=548,,,,,,,,,
548,right_sider_text,text,Company Info View on Map Company Profile Management Project News,,right-sider,,DIV,,,,,
548,right_sider_link,company-profile-btn,Company Info,,company-profile-btn,btn-primary btn-primary-light btn-lg btn-full,A,right-sider,,,,
548,right_sider_link,view-on-map-btn,View on Map,,view-on-map-btn,btn-primary btn-primary-light btn-lg btn-full,A,right-sider,,,,
548,right_sider_link,company-news-btn,Company Profile,,company-news-btn,btn-primary btn-primary-light btn-lg btn-full,A,right-sider,,,,
548,right_sider_link,management-btn,Management,,management-btn,btn-primary btn-primary-light btn-lg btn-full,A,right-sider,,,,
548,right_sider_link,project-news-btn,Project News,,project-news-btn,btn-primary btn-primary-light btn-lg btn-full,A,right-sider,,,,
7725,meta,url,https://mininghub.com/project-profile?gid=7725,,,,,,,,,
7725,right_sider_text,text,Company Info View on Map Company Profile Management Project News,,right-sider,,DIV,,,,,
7725,right_sider_link,company-profile-btn,Company Info,,company-profile-btn,btn-primary btn-primary-light btn-lg btn-full,A,right-sider,,,,
7725,right_sider_link,view-on-map-btn,View on Map,,view-on-map-btn,btn-primary btn-primary-light btn-lg btn-full,A,right-sider,,,,
7725,right_sider_link,company-news-btn,Company Profile,,company-news-btn,btn-primary btn-primary-light btn-lg btn-full,A,right-sider,,,,
7725,right_sider_link,management-btn,Management,,management-btn,btn-primary btn-primary-light btn-lg btn-full,A,right-sider,,,,
7725,right_sider_link,project-news-btn,Project News,,project-news-btn,btn-primary btn-primary-light btn-lg btn-full,A,right-sider,,,,
2838,meta,url,https://mininghub.com/project-profile?gid=2838,,,,,,,,,
2838,right_sider_text,text,Company Info View on Map Company Profile Management Project News,,right-sider,,DIV,,,,,
2838,right_sider_link,company-profile-btn,Company Info,,company-profile-btn,btn-primary btn-primary-light btn-lg btn-full,A,right-sider,,,,
2838,right_sider_link,view-on-map-btn,View on Map,,view-on-map-btn,btn-primary btn-primary-light btn-lg btn-full,A,right-sider,,,,
2838,right_sider_link,company-news-btn,Company Profile,,company-news-btn,btn-primary btn-primary-light btn-lg btn-full,A,right-sider,,,,
2838,right_sider_link,management-btn,Management,,management-btn,btn-primary btn-primary-light btn-lg btn-full,A,right-sider,,,,
2838,right_sider_link,project-news-btn,Project News,,project-news-btn,btn-primary btn-primary-light btn-lg btn-full,A,right-sider,,,,
17608,meta,url,https://mininghub.com/project-profile?gid=17608,,,,,,,,,
17608,right_sider_text,text,Company Info View on Map Company Profile Management Project News,,right-sider,,DIV,,,,,
17608,right_sider_link,company-profile-btn,Company Info,,company-profile-btn,btn-primary btn-primary-light btn-lg btn-full,A,right-sider,,,,
17608,right_sider_link,view-on-map-btn,View on Map,,view-on-map-btn,btn-primary btn-primary-light btn-lg btn-full,A,right-sider,,,,
17608,right_sider_link,company-news-btn,Company Profile,,company-news-btn,btn-primary btn-primary-light btn-lg btn-full,A,right-sider,,,,
17608,right_sider_link,management-btn,Management,,management-btn,btn-primary btn-primary-light btn-lg btn-full,A,right-sider,,,,
17608,right_sider_link,project-news-btn,Project News,,project-news-btn,btn-primary btn-primary-light btn-lg btn-full,A,right-sider,,,,
7606,meta,url,https://mininghub.com/project-profile?gid=7606,,,,,,,,,
7606,right_sider_text,text,Company Info View on Map Company Profile Management Project News,,right-sider,,DIV,,,,,
7606,right_sider_link,company-profile-btn,Company Info,,company-profile-btn,btn-primary btn-primary-light btn-lg btn-full,A,right-sider,,,,
7606,right_sider_link,view-on-map-btn,View on Map,,view-on-map-btn,btn-primary btn-primary-light btn-lg btn-full,A,right-sider,,,,
7606,right_sider_link,company-news-btn,Company Profile,,company-news-btn,btn-primary btn-primary-light btn-lg btn-full,A,right-sider,,,,
7606,right_sider_link,management-btn,Management,,management-btn,btn-primary btn-primary-light btn-lg btn-full,A,right-sider,,,,
7606,right_sider_link,project-news-btn,Project News,,project-news-btn,btn-primary btn-primary-light btn-lg btn-full,A,right-sider,,,,
